category,name,description
Accounting & Finance,FlowCog,Unlock cash runway & growth insights — no spreadsheets! 7 minute onboarding. QuickBooks & Stripe ready. Trusted by boards & investors.
Accounting & Finance,StockGPT,StockGPT is an AI-powered search engine that was trained on all of Teslas quarterly earnings call transcripts dating back to Q2 2011.
Accounting & Finance,Stocknews AI,Stocknews AI - AI Picked Stock News.
Accounting & Finance,Torto.ai,Stock Market Made Simple.
Animation & 3D Modeling,Kaedim,Stop losing hours to modeling tools. Generate stunning 3D art with nothing more than an image.
Animation & 3D Modeling,TextureLab,Generate 3D textures for your game in seconds thanks to AI.
Animation & 3D Modeling,lumalabs,An early experiment to prototype and create 3D with text Access to generation is gradually expanding to everyone on the waitlist.
Animation & 3D Modeling,plask,Easily extract motion from video without expensive bodysuits or motions work.
Architecture & Interior Design,AI Room Planner,Get hundreds of interior design ideas for your room - free with no limit.
Architecture & Interior Design,AI TWO,Aitwo.Co - The AI-Powered All-in-One Design Platform.
Architecture & Interior Design,Dimensions,Imagine being able to create beautiful interior designs with ease – thats what Dimensions offers.
Architecture & Interior Design,Getfloorplan,"Up to 30% calls increase reported by our clients using 2D, 3D floor plans and virtual tours."
Architecture & Interior Design,Image Computer,Use our powerful AI technology to generate any type of image you can think of. In a matter of seconds.
Architecture & Interior Design,Interior AI,Get interior design ideas using Artificial Intelligence and virtually stage interiors for real estate listings with different interior styles.
Architecture & Interior Design,Makeit.ai,"Our generative design software enables architects, builders & developers to quickly generate thousands of architectural plans instantly."
Art & Image Generator,AI Art Latitude,AI Art.
Art & Image Generator,AI Background Generator by PhotoRoom,"Create product and portrait pictures using only your phone. Remove background, change background and showcase products."
Art & Image Generator,AI Picasso,"Create Amazing artwork with Powerful AI! It generates an image from the text you enter, just as you expect using an AI called Stable Diffusion. Let's enjoy making art with AI!."
Art & Image Generator,AI Wall Decor,"Use Stable Diffusion to generate high quality framed art, without lifting a brush. Simply type what you want your painting to look like, generate your art, choose your favorite frame, and ship it."
Art & Image Generator,AI2image,Generate the best images online with Free AI Image Generator by AI2image. Use AI to generate high-quality images of any size and style you want!.
Art & Image Generator,AIGraphics,Generate Graphics In Seconds Using AI.
Art & Image Generator,AIimages,Free&Easy Text2Image AI.
Art & Image Generator,Accomplice,"Accomplices AI-powered platform helps your team generate 100% royalty-free logos, photos and graphics while saving time, cutting costs, and simplifying your workflow."
Art & Image Generator,Ai Art Generator,"Ai Art Limited, creates images, videos, music, and article for you using artificial intelligence. With our app, you can become an artist using artificial intelligence."
Art & Image Generator,Alltray,"AI Image Generator With Gallery - Create and Browse Unique, Custom Images With Artificial Intelligence."
Art & Image Generator,Alter Ego AI,AI Generated Images of You in Heaps of Styles.
Art & Image Generator,Anime AI,"Create your perfect anime picture with AI. Choose between One Piece, Naruto, Webtoon styles and others!."
Art & Image Generator,AnimeMaker,AI Anime Maker /// AI Anime Maker / Animemaker.Net.
Art & Image Generator,Apeture,Create Images by Lexica.
Art & Image Generator,Appiconai,App Icon AI.
Art & Image Generator,Aragon,Create stunning art & images 10X faster with AI.
Art & Image Generator,ArtBot.ai,Artbot.Ai - Let AI Create Your Perfect Halloween Art.
Art & Image Generator,Artbreeder,Artbreeder.
Art & Image Generator,Artshop,Artshop brings amazing AI artworks to wall arts in your home and create welcoming addition to your beautiful home.
Art & Image Generator,Astria.ai,Create custom images using AI.
Art & Image Generator,Bg Eraser,Powerful AI Inpainting and Picture Clean Up technology. Remove unwanted objects and clean up pictures in seconds.
Art & Image Generator,CLIP STUDIO PAINT,は、リアルで自然な描き味と充実の機能、驚くほど便利な素材が多数。世界中のユーザーがアップロードした10万点以上の素材をダウンロードすれば、ラクしてもっとクオリティの高い作品に。.
Art & Image Generator,Cartoonize,Best AI cartoonizer online for free.
Art & Image Generator,DALL·E 2,"DALL·E 2 can create original, realistic images and art from a text description. It can combine concepts, attributes, and styles."
Art & Image Generator,DaVinciFace,"DaVinci Face is a software – based on the most innovative Artificial Intelligence techniques, in particular on GAN (Generative Adversarial Network) to create Leonardesque-style portraits."
Art & Image Generator,Deep Dream Generator,Create inspiring visual content in a collaboration with our AI enabled tools.
Art & Image Generator,Deep Nostalgia,"Arbore Genealogic Gratuit, Genealogie Şi Istoric De Familie - Myheritage."
Art & Image Generator,Designify,Create exceptional product photos and more: Pick any image to start the magic ✨.
Art & Image Generator,Dezgo,Generate high-quality images from any text prompt. Let the AI draw!.
Art & Image Generator,Diffusion Land,"Generated images with 1-click, using any model of your choice."
Art & Image Generator,Draw Things,Draw Things: AI-Assisted Image Generation.
Art & Image Generator,Drawanything,Use AI to create novel images in minutes.
Art & Image Generator,DreamUp,The DeviantArt DreamUp™ AI-art generator lets you create AI-art safely and fairly.
Art & Image Generator,Dreambooth,High Quality Artwork in Seconds.
Art & Image Generator,Dreamlike,"AI Art Generator, AI Art Maker - Dreamlike.Art."
Art & Image Generator,Erase.bg,"Make the background transparent for images of humans, animals, or objects. Download images in high resolution for free for e-commerce and personal use. No credit card needed."
Art & Image Generator,Eye for AI,Create images from text in under a minute.
Art & Image Generator,Facet 2.0,"Harness the power of AI to make the creative process fast, effective and accessible. Experiment with visual directions, automate selections, and collaborate--all on the web."
Art & Image Generator,Flying Dog for Photoshop,Four powerful AI connectors: Three for Stable Diffusion and DALL-E 2. Use your own Stable Diffusion Server.
Art & Image Generator,For the Wall,Create your own unique and personalized art prints with forthewall.art! Our AI-powered platform lets you generate stunning works of art from scratch. Order your one-of-a-kind print today and transform your blank walls into something special. Try it out now at forthewall.art!.
Art & Image Generator,Galileo AI,"Galileo AI creates delightful, editable UI designs from a simple text description. It empowers you to design faster than ever."
Art & Image Generator,Generated Photos,"Generated Photos - Unique, Worry-Free Model Photos."
Art & Image Generator,Getimg.ai,"Magical AI art tools. Generate original images, modify existing ones, expand pictures beyond its original borders, and more."
Art & Image Generator,Green Screen AI,Green Screen AI is a fun & easy way to transform your pics into generative AI art.
Art & Image Generator,IMGCreator,Create Any Image Using Text - Imgcreator.Ai.
Art & Image Generator,IMGN - Image Engine,Imagine AI – Advanced Tech Made Easy to Use.
Art & Image Generator,IllostrationAI,Create AI-generated illustrations. In seconds.
Art & Image Generator,Imaginator,"Imagine being able to see your thoughts come alive in front of you. No longer just a thought, an image now becomes the reality."
Art & Image Generator,Imagine Me,"Imagine Me is the first online platform that lets you generate stunning AI art of yourself, with just a simple line of text."
Art & Image Generator,Imajinn AI Children's Book,"Visualization re-imajinned with fine-tuned AI. Generate profile pictures, product images, brands and styles limited only by your imagination!."
Art & Image Generator,Kiri.art,Diffusion Image Generation.
Art & Image Generator,Krea,"Introducing the AI Canvas, by Krea."
Art & Image Generator,Leonardo,Generate production quality assets for your creative projects with AI-driven speed and style-consistency.
Art & Image Generator,Mage Space,Create Anything.
Art & Image Generator,Midjourney,An independent research lab exploring new mediums of thought and expanding the imaginative powers of the human species.
Art & Image Generator,Neuralcanvas,"Express your creativity with the support of AI - Create AI Generated Illustrations for your comics, blogposts, e-book, graphic novels and more."
Art & Image Generator,NightCafe,AI Art Generator App. &#9989; Fast &#9989; Free &#9989; Easy. Create amazing artworks using artificial intelligence.
Art & Image Generator,Not Me Netlify,"Browse millions of styles or create your own, generate AI autoportraits."
Art & Image Generator,OddVibe,"Get your fix of creepy AI-generated images. But be warned, you may never sleep again."
Art & Image Generator,Partly,Transform your photos into works of art with the help of AI magic!.
Art & Image Generator,Photosonic AI,"Transform your imagination into stunning digital art with Photosonic - the AI art generator. With its creative suggestions, this Writesonic's AI image generator can help unleash your inner artist and share your creations with the world."
Art & Image Generator,Phraser,"Phraser is an app that helps you create images using generative AI (Midjourney, Stable Diffusion, and DALLE 2), collaborate, and get inspired."
Art & Image Generator,PirateDiffusion,"get realistic HD images, more styles, no restrictions."
Art & Image Generator,Pixian,"Remove Image Backgrounds, Free HD, No Signup."
Art & Image Generator,Playground,"Playground AI is a free-to-use online AI image creator. Use it to create art, social media posts, presentations, posters, videos, logos and more."
Art & Image Generator,Pollinations,"We combine and fine-tune algorithms to match any aesthetics, allowing the creation of unlimited, customized AI media."
Art & Image Generator,Portrait by Vana,“Portrait” by Vana is a generative art studio that can create self-portraits of you in infinite styles.
Art & Image Generator,Prompt Art,Stable Diffusion Playground.
Art & Image Generator,Quasi,Unlock with the power of AI and easily create stunning content of all types with a simple-to-use platform.
Art & Image Generator,Rayst Gradients,A Collection of 64 Beautiful Gradients Generated by AI.
Art & Image Generator,Re.Art AI Image Generator,This AI Image Generator Built using Stable Diffusion. To Keep This Service Alive You can support Developer.
Art & Image Generator,Removal.ai,Remove background online from image using background remover. Create transparent background - Download high-resolution instantly & free.
Art & Image Generator,Remove.bg,Remove image backgrounds automatically in 5 seconds with just one click. Don't spend hours manually picking pixels. Upload your photo now & see the magic.
Art & Image Generator,Renderflux,"Start creating beautiful art in seconds. Don't worry about the technical stuff, we've got you covered."
Art & Image Generator,Roll Art Die,Generate AI Artworks using only text. Make your dream artworks into reality. No cloud subscription required.
Art & Image Generator,RunDiffusion,"No code to fiddle with, nothing to install. Get a private Stable Diffusion workspace in very little time. Start creating AI Generated art in a little as 3 minutes."
Art & Image Generator,Seek art,"Explore, collect, and share. No cost to start. Free credits every day."
Art & Image Generator,Short Description Image Generator,From a short description and based on the database from MagicPrompt-Stable-Diffusion from HuggingFace + the API of StableDiffusion; images can be created based on few words.
Art & Image Generator,Simulai,"The highest quality machine generated art and stock photos. You provide an idea for your image, our machines work as hard as they can to create your picture."
Art & Image Generator,SlashDreamer,Integration Stable Diffusion in Notion to ai generate images with a new slash command.
Art & Image Generator,Slazzer 3.0,Remove background from image automatically in 5 seconds. Don't waste time manually selecting pixels. Just upload photo & get instant cutout.
Art & Image Generator,SnapshotAI,Create your own AI-generated images.
Art & Image Generator,Snowpixel,"You + AI = Art. Get 20+ AI generated images for each prompt, upload existing images for even more on-brand illustrations, and animate them."
Art & Image Generator,Soreal.AI Studio,Type anything you want to see. Get custom AI images in seconds.
Art & Image Generator,StableCog,"Free, easy to use, multilingual and open-source AI image generator using Stable Diffusion."
Art & Image Generator,StarByFace,What celebrity do i look like? Try to find out! Celebrity look alike face-recognition system. Find your doppelganger.
Art & Image Generator,Starryai,Simply enter a prompt and our AI transforms your words into works of art.
Art & Image Generator,Stylized,From phone to catalog in 30 seconds.
Art & Image Generator,TattosAI,"If you have an idea for a tattoo but can't find the right design, let our AI generate one within seconds. It lets you create the perfect design based on what you like, and it will give you unlimited options so that there's something for everyone."
Art & Image Generator,Vizcom AI,"See your drawings and ideas come to life in seconds, not hours."
Art & Image Generator,Zazow,Create your own artwork by using computer generated algorithms. Learn about generative or algorithmic art.
Art & Image Generator,Zoomscape,Create stunning Zoom backgrounds with AI.
Art & Image Generator,artssy,"With Artssy AI, your creativity can flow. Create unlimited images in 1 click and discover a world of possibilities!."
Art & Image Generator,flair,The AI Design Tool for Branded Content.
Avatars,AI Profile Pictures,Now available in beta.
Avatars,AIVatar,Generate magic avatar art from your photos.
Avatars,AIprofilepic,Create your perfect avatars in just a few clicks with our easy-to-use AI technology.
Avatars,ARTI.PICS,Arti.Pics allows you to upload a few photos of yourself and generates more than 200 cool-looking avatars in different styles.
Avatars,Autoportrait,"Browse millions of styles or create your own, generate AI autoportraits."
Avatars,AvatarAI,Choose from 112+ different styles to transform into.
Avatars,Avatarize.club,"Professional Photos, Social Media DPs, Game Avatars, Dating Profile Photos, and more powered by Stable Diffusion 2.1."
Avatars,Character.io,Generate a random set of characters or avatars with the power of GANs. Press spacebar to generate a new set.
Avatars,DreamPic,AI Generated Pictures Starring You.
Avatars,EpicAvatar,Make your own state-of-the-art AI avatar profile pictures.
Avatars,Face Swapper,Swap face from photos and videos automatically. Free and unlimited photo swapping.
Avatars,Hairgen,Preview Your Fue/Fut Hair Transplant Using AI - Hairgen.Ai.
Avatars,HairstyleAI,Ready for a new look? Upload you photos and let artificial intelligence technology generate new hairstyles for you. Try it out today!.
Avatars,HeroPack,Become a Hero with AI generated avatars inspired by your favorite video games.
Avatars,Magic AI Avatars,Get 200+ custom avatars made by artificial intelligence.
Avatars,PIXELVIBE,"Create Presentations, Designs, Stock Photos, Instagram Promos, Product Photography, Vector Art, Animated Avatars."
Avatars,Passphoto,Create Your Passport Photo With AI.
Avatars,PhotoAI,Create AI-generated images of yourself.
Avatars,PhotoLeaf,Create your AI-generated social media pictures.
Avatars,Photoshot,Generate avatars that perfectly capture your unique style.
Avatars,Pictureperfect,Get creative and design your own personalized avatar with the help of AI technology. Simply upload a photo and our system will generate a unique avatar that represents you. Share your picture perfect avatar with friends and family on social media and let your creativity shine!.
Avatars,Posed,Upload your pictures and let our AI create stunning high-quality portraits in a wide range of styles that look just like you.
Avatars,Profile Picture,Profile Picture Art.
Avatars,ProfilePicture.ai,The #1 AI Profile Picture Maker and Generator Your profile picture is the first thing people see when they look at your profile. We use artificial intelligence to generate an magical avatars of you that looks perfect and captures who you are. You can be anything or anyone!.
Avatars,ReflectMe,"See yourself in a way you never have before! Generate your AI avatars, AI photos, AI photographies, profile pictures, LinkedIn professional profile photos, using artificial intelligence! Built on Stable Diffusion and Dreambooth."
Avatars,Stableboost,"Upload a few photos of yourself, a loved one, a pet, a product, or a style you like, and we will automatically train an AI model to generate portraits of you in hundreds of different styles."
Avatars,Theoasis,Create a photorealistic avatar that you can use on every video platform.
Avatars,Tokkingheads,Bring Portraits to Life With AI Magic. Instantly.
Avatars,Tryitonai,"Get professional studio quality headshots generated in less than 24hrs! Perfect for LinkedIn, social, team and dating photos."
Avatars,xpression camera 2.0,"Become anyone on Zoom, Twitch, or any streaming video."
Chat Bot,Askrobi,"Robi is a powerful AI companion that lives in your contact list and can be talked to through WhatsApp, he can help you write an essay or generate original images!."
Chat Bot,BLOONY,Hop on ChatTrip!.
Chat Bot,BotGPT,"Telegram bot that allows fast and intuitive access to GPT, Saves your history, and available from your phone or desktop. Cool features upcoming."
Chat Bot,Chai,"Chai is THE destination for compelling conversations with AI. On Chai, you can build and deploy AI chatbots to thousands of users."
Chat Bot,ChatGPT,Apowerful Language Model for Text Generation and Understanding.
Chat Bot,Chatbase,Just upload a pdf and get a link to a GPT based chatbot that can answer any question on it.
Chat Bot,Context Search,Context - AI-Powered Audio & Video Chatbots.
Chat Bot,HUMATA,"Learn 100X Faster, Create Reports 100X Faster, Analyze Legal Documents 100X Faster, Understand Technical Papers 100X Faster. Ask Questions & Get Answers About Any File Instantly."
Chat Bot,Keepi,Access the most advanced AI available today on the go. Keepi will keep you smart and ready with relevant knowledge.
Chat Bot,NOLU,Meet NOLU. A simple interface for interacting with the Open AI GPT-3 engine.
Chat Bot,SiteGPT,Instantly answer your visitors' questions with a personalized chatbot trained on your website content.
Code & Database Assistant,AI Docstrings,Trelent uses AI to write helpful docstrings for your functions instantly.
Code & Database Assistant,Adrenaline,Adrenaline is a debugging assistant powered by the OpenAI Codex. It can fix and explain your broken code in seconds.
Code & Database Assistant,Anania,Ask questions on your data and documents.
Code & Database Assistant,Ask Command,A tiny app to remind you about those commands you always forget. Powered by AI.
Code & Database Assistant,Channel,"Connect your database, ask a question, get an answer."
Code & Database Assistant,CodeAssist,"It generates, changes, completes the code and answers questions."
Code & Database Assistant,CodeGPT,Improve your code with Code GPT AI.
Code & Database Assistant,CodeWP,"CodeWP is a WordPress code generator that uses AI and specialized models for WordPress, Woo and others to help you build better & quicker."
Code & Database Assistant,Codeball,"Codeball finds bugs in your Pull Requests, lets you ship faster and with higher confidence."
Code & Database Assistant,Codecleaningbot,"Code Cleaning AI Bot fixes common code quality and security issues. Like: deleting unused and unreachable code, fix SQL injection, etc."
Code & Database Assistant,Codeium,Fast AI-based code acceleration and free alternative to GitHub Copilot.
Code & Database Assistant,CodiumAI,CodiumAI analyzes your code and generates meaningful tests to catch bugs before you ship.
Code & Database Assistant,Datamaker,If you are a Webflow Designer or Webflow Developer then you need to see these tools. Use AI to create code and copy to solve your Webflow problems.
Code & Database Assistant,Decile,Build a data-led organisation with the power of AI.
Code & Database Assistant,Explain An Error,Let AI explain to you why your code is buggy and how to fix it.
Code & Database Assistant,ExplainDev,ExplainDev helps you to be more confident and independent with others' code. Get code explanations and direct answers to your questions via Chrome and VS Code extensions powered by AI.
Code & Database Assistant,Ghostwriter,"Run code live in your browser. Write and run code in 50+ languages online with Replit, a powerful IDE, compiler, & interpreter."
Code & Database Assistant,GitHub Copilot,"GitHub Copilot uses the OpenAI Codex to suggest code and entire functions in real-time, right from your editor."
Code & Database Assistant,Mutable.ai,Build fast with production quality using AI.
Code & Database Assistant,Programminghelper,Generate code with AI just by typing a text description. AI will create the code for you. A tool that helps you with a wide range of tasks. All in one place.
Code & Database Assistant,QueryGenie,Generate database queries from plain-english description using AI.
Code & Database Assistant,TLDR - Jetbrains IDE Plugin,TLDR is an IDE plugin that leverages AI to explain code in plain english.
Code & Database Assistant,Tabnine,"Whether you are part of a team, or a developer working on your own, Tabnine will help you write code faster – all in your favorite IDE."
Code & Database Assistant,Text2SQL,Text2Sql.Ai - Generate SQL Queries With AI for Free!.
Code & Database Assistant,Whatthediff,The AI powered GitHub app that explains the changes within your pull requests in plain english.
Code & Database Assistant,aidev.codes,Create simple apps and demos just by entering specifications — a new type of AI prompt engineering.
Content Generation & Seo,ArticleForge,"Using advanced artificial intelligence and deep learning, Article Forge writes completely unique, SEO optimized, high-quality, long form articles with the click of a button."
Content Generation & Seo,Content brief generator,Dashword is the #1 content optimization software for SEO teams. Create relevant content for your readers and grow your organic traffic.
Content Generation & Seo,Contentedge,Skip the creative burnout and generate high-ranking content in as little as 15 seconds.
Content Generation & Seo,CopyGen,"Your go-to AI writing tool for creating high-quality, SEO-optimized content in seconds, without writer's block."
Content Generation & Seo,CopyMonkey,CopyMonkey generates and optimizes Amazon listings in seconds. AI helps place all of the important keywords in your Amazon listing to get you ranking organically on the first page.
Content Generation & Seo,Creator AI,"Creaitor will help you write content in a more powerful, emotionally expressive way."
Content Generation & Seo,Ctrify,Create websites that rank on Google by just giving one keyword to our Artificial Intelligence.
Content Generation & Seo,Easy-Peasy.AI,"Create amazing content 10X faster. AI Images, AI Audio Transcription and Chat with AI buddy Marky."
Content Generation & Seo,Embolden,Embolden uses AI to help you write everything from emails to product descriptions for your ecommerce business.
Content Generation & Seo,Enwrite,An AI helper specialized in SEO-optimized content creation. Enwrite helps you write better content faster.
Content Generation & Seo,Frase.io (first month - 60% discount),"Frase AI helps you research, write, and optimize high-quality SEO content in minutes instead of hours."
Content Generation & Seo,H-supertools AI Writer,Generate Blog Sections & Paragraphs in Seconds With This Powerful Free AI Writer.
Content Generation & Seo,Hypotenuse.ai,"Provide a few keywords, and well instantly turn them into full-length articles and marketing content, using our world-class AI with a vast knowledge of the world."
Content Generation & Seo,Intelligent paraphraser,Get writing superpowers with artificial intelligence. We at AISEO will help you convert your thoughts to blogs and can write for you at the click of a button.
Content Generation & Seo,Jasper.ai,"Jasper is the AI Content Generator that helps you and your team break through creative blocks to create amazing, original content 10X faster."
Content Generation & Seo,Kafkai,Kafkai is an AI Writer Assistant that helps you create unique SEO-friendly articles for cents instead of dollars.
Content Generation & Seo,Katteb,Katteb AI makes it fast & easy to create content for your blog and online store.
Content Generation & Seo,LAIKA,"We make the boring parts of writing exciting. LAIKA is a creative partner that you train to write like you (or anyone you want). Made for creative writers, game writers, and all other fiction fabricators."
Content Generation & Seo,Lek,Write Anything For Everything. The fastest and easiest way to create content and copy.
Content Generation & Seo,Lex,Unlock Your Best Writing.
Content Generation & Seo,LongShot AI,"LongShot is an AI writing assistant that helps you go from idea to SEO content in minutes. Use creative power of AI with features like real time content, fact check, semantic SEO, custom AI, & more!."
Content Generation & Seo,Neuraltext,Automate your content operations. The all-in-one content marketing and SEO platform that saves you time and money.
Content Generation & Seo,Quattr,The enterprise SEO platform built with powerful AI and GSC data as the foundation.
Content Generation & Seo,Summari,"Upgrade links into short, informative previews using our world-class AI summarization technology."
Content Generation & Seo,Taskade,"Taskade is the first collaborative AI writer and outliner for teams with built-in task management and video chat. Create mind maps, task lists, and take structured notes in real-time with your team."
Content Generation & Seo,TypeDroid,Typedroid - Free AI Text Generator.
Content Generation & Seo,Typli,The most intuitive A.I Content tool which combines AI Writing and an SEO Assistant.
Content Generation & Seo,Wizishop,"WiziShop makes SEO-powered ecommerce easier than ever before, bringing success within reach. Artificial Intelligence at the service of your ecommerce business!."
Content Generation & Seo,Word Spinner,Word Spinner: The Best Free Article Rewriter and Paraphrase Tool Online.
Content Generation & Seo,WordAI,"Use artificial intelligence to cut turnaround time, extend your budget, and create more high-quality content that Google and readers will love."
Content Generation & Seo,WordHero,"With WordHero's AI technology, you can create original blog posts, social media content, emails, and more - in just seconds."
Content Generation & Seo,Wordkraft,"Wordkraft AI content writer is a revolutionary tool Powered by GPT-3 the most advance artificial intelligence technology to generate well-written, keyword-optimized content for your blog, website or marketing needs."
Content Generation & Seo,Wordplay,The #1 AI content generator built for SEO & content publishers.
Content Generation & Seo,Writesonic,"Create SEO-optimized and plagiarism-free contentfor your blogs, ads, emails, and website 10X faster."
Content Generation & Seo,Writey AI,"First true free plagiarism A.I with original and researched content, check Writey A.I in action."
Content Generation & Seo,unbound,"Leverage all the best AI generation tools in one place designed to automate content creation for small business, online shops and creators."
Content Generation & Seo,vlog2blog,Boost your SEO and brand presence.
Creators Toolkit,Clipdrop,"The ultimate ecosystem of apps, plugins & resources for all creators, powered by artificial intelligence."
Creators Toolkit,Cutout Pro,"All-in-one visual design platform containing AI photo and video editing tools. Automatic process for background remove, image restoration, graphic design, and content generation."
Creators Toolkit,Descript,"Descript is the simple, powerful, and fun way to edit."
Creators Toolkit,Fermat,Unleash your creativity with AI on a collaborative canvas.
Creators Toolkit,Hotpot,"Hotpot.ai helps you create amazing graphics, pictures, and text. AI tools like AI Art Generator spark creativity and automate drudgery while easy-to-edit templates empower anyone to create device mockups, social media posts, marketing images, app icons, and other work graphics."
Creators Toolkit,Lightricks,"Experience the magic of creating with the best tools and services for creators: Facetune 2, Videoleap, Linkinbio & Photoleap. Check it out now!."
Creators Toolkit,Media.io,Simplicity. Diversity. Flexibility.
Creators Toolkit,Phygital,Node-based AI workspace for creators to work with neural networks without code. (Alpha).
Creators Toolkit,Runway,Discover advanced video editing capabilities to take your creations to the next level.
Customer Support,AI Answers by Cohere,AI-powered support assistance that finds answers from previous tickets.
Customer Support,Bahasa,Automation that helps your business serves millions of happy customers fastlyâpowered by AI specially built for Bahasa Indonesia.
Customer Support,ChatGenius,ChatGenius is a software company that provides a powerful AI chatbot solution powered by GPT-4 and ChatGPT. Our chatbot offers 24/7 support in over 110 languages and can be integrated seamlessly into your website or platform.
Customer Support,EddyAI,Increase Sales and Reduce Support Costs.
Customer Support,OneTone.ai,"OneTone.ai is an AI-powered platform that gives you valuable insights, allowing you to make informed decisions and deliver top-notch customer service."
Customer Support,ResolveAI,"Our AI chatbots are designed to understand customer issues and provide tailored, accurate responses in real-time."
Education & Learning,Botta,"Your free, personal teaching assistant. Ask questions, get answers. Botta makes online learning a breeze."
Education & Learning,Cratecode,"Learn to code through online lessons and a powerful AI assistant! The assistant can analyze your code, nudge you in the right direction, and write articles for simple topics."
Education & Learning,Lorro,Become a Fluent English Speaker for a Fraction of a Cost. By Talking to an AI Tutor.
Education & Learning,QUIZGECKO,"Create and share quiz questions, flashcards, and notes instantly, from any text. Ideal for businesses, educators, and students alike."
Education & Learning,Replicate,Run open-source models with a cloud API.
Education & Learning,Speakingclubai,"Welcome to Speaking Club AI - the ultimate language learning tool for anyone looking to improve their speaking skills in a foreign language. With Speaking Club AI, you can practice    your conversation skills with a personalized AI language partner anytime, anywhere."
Education & Learning,teachology.ai,Plan Lessons - Harness AI to draft your lessons and export to your favourite formats. Build Rich Assessments - Construct rich assessments with robust rubric driven marking criteria. And more.
Email Assistant,DraftLab,Fight writer's block and achieve inbox zero. DraftLab is an AI-powered Gmail copilot that generates high-quality email replies for you.
Email Assistant,Ellie,Ellie learns from your writing style and crafts replies as if they were written by you.
Email Assistant,EmailTriager,"At EmailTriager, we build products that do work on your behalf."
Email Assistant,Intellimail,IntelliMail is a chrome extension that generates your emails - so you'll never have to write one again.
Email Assistant,Quicklines,Quicklines is your new AI powered cold outreach assistant. We help you scale your cold email campaigns with our in-depth social scraping and natural language first-line writing platform.
Email Assistant,Rapidreply,Save 30 minutes a day writing emails.
Email Assistant,Recruiting Emails AI by Dover,Dover - Generate Customized Recruiting Emails.
Email Assistant,Remail,Remail is a Chrome extension for gmail that uses artificial intelligence to draft high quality email replies in seconds.
Email Assistant,Smartwriter,Never waste time researching or writing 'personalised' emails again. Automate your entire outreach process. 40x faster and 6x cheaper than humans.
Email Assistant,Warmer.Ai,"Warmer uses AI email personalization to write your email outreach. Increase replies, meetings and sales with dynamic personalization."
Email Assistant,superReply,The Email Response Hack You've Been Waiting For - Easily send effective replies with tailored responses without writing from scratch.
Fashion,FashionAdvisorAI,FashionAdvisor is an AI based on GPT3 which will answer all your fashion related questions instantly for free.
Fashion,Visualhound,Visualize your product designs before going to production. Create realistic-looking product images to feed your moodboards and boost your design process.
Fun,AI Pokemon generator,Generate Fakemon Using AI.
Fun,AI Story Generator,A free AI story generator that writes creative short stories for you on any topic.
Fun,Ask RBG,An AI experiment: Ask Justice Ruth Bader Ginsburg to make a decision about any question your heart desires. The first AI Drop from AI21 Labs.
Fun,Askmybook,This is an experiment in using AI to make my book's content more accessible. Ask a question and AI'll answer it in real-time:.
Fun,Blackink,"Stop spending months searching Pinterest for your next tattoo. Generate custom, unique tattoos in seconds with BlackInk's AI, designed to create tattoo-like designs just for you."
Fun,Botify,Fun chat with your favorite characters.
Fun,CharacterAI,Characters can be anything. Our breakthrough AI technology can bring all of your ideas to life.
Fun,Excuses AI,Use AI to generate the perfect professional excuse.
Fun,Jokelub,Bring humor everywhere.
Fun,Kanye Tweet Generator,Generate Kanye Tweets using AI. Built by Ryan Doyle.
Fun,Podcast.ai,"Welcome to podcast.ai, a podcast that is entirely generated by artificial intelligence. Every week, we explore a new topic in depth, and listeners can suggest topics or even guests and hosts for future episodes."
Fun,Silly Times,Have a fun time drawing and see what silly thing we make from your drawing.  Magic is just button press away!.
Fun,StoriesForKids,Turn real-life situations into fun stories & illustrations in seconds.
Fun,TextStyler,"Re-Write Anything in Fun Styles, Using AI."
Gaming,AI Dungeon,Play and Create AI-Generated Adventures With Infinite Possibilities.
Gaming,Assetsai,"AI-Powered, Unique & Curated Assets for Your Games."
Gaming,Chess AI,Betafish.Js - Chess AI.
Gaming,IRMO,Your Source for Mobile Entertainment & AI Art Creation.
Gaming,Opus,Opuswebsite.
Gaming,Plailabs,"(verb) – To engage in artificial intelligence for the purpose of enjoyment and recreation with the goal of growing an ever-expanding universe of gaming, entertainment, storytelling, and technology."
Gaming,Ponzu.gg,"AI generated PBR texture maps for any idea, within seconds."
Gaming,Scenario,Unlock the power of AI-generated gaming assets with Scenario. Generate engaging content quickly and easily to save time and spark creativity.
Gaming,charisma,For Games • Metaverses • VR • Education • TV & Film • Publishing and beyond!.
Gaming,hidden door,"A new kind of social roleplaying experience, powered by narrative AI."
Gaming,latitude,We are making AI a tool of creativity and freedom for everyone.
Gift Ideas,AI Holiday Cards,AI engine to create AI Holiday photorealistic Cards for couples.
Gift Ideas,AI Poem Generator,"Create the perfect gift for every occasion: Birthday of a friend or family member, Weddings, Birth, etc. Just enter a few keywords/topics and let our robots do the rest. The more keywords you provide the more personal the generated poems become."
Gift Ideas,AIchristmascards,Personalized AI Art Greetings Cards.
Gift Ideas,CoolGiftIdeas,Cool Gift Ideas - AI-Powered Gift Suggestions.
Gift Ideas,Elf Help,"Need some inspo for your holiday gifting? Elf help is your ultimate gift-giving assistant, offering creative and personalized suggestions for everyone on your list."
Gift Ideas,Fabled,"Stories created by you, powered by AI. With a single sentence fabled.ai crafts personal illustrated stories, enriched by stunning images."
Gift Ideas,Gift Genie,"Gift Genie AI is an AI-powered that allows you to find the perfect gift in seconds with AI for free. Jot down a brief description of your recipient, and get a list of gifts our AI genie believes will delight them."
Gift Ideas,GiftBot,Struggling to figure out what to get someone for the holidays? GiftBot asks you questions to help recommend gift ideas!.
Gift Ideas,GiftWizard,"GiftWizard is your friendly helper from the future, here to guide you through getting the most magical gift."
Gift Ideas,Giftastic AI,Personalised gift ideas for every occasion!.
Gift Ideas,Lovelines,"Create custom keepsakes for a loved one using AI that are optimized for social media. AI-generated poems, stories, letters, and song lyrics."
Gift Ideas,Text2present,"Allows you to create creative customized presents using artificial intelligence for your friends, family and acquaintances without taking your precious time. Simply enter a text description of what you want to gift and let our artificial intelligence do the rest."
Healthcare,Getactyv,Getactyv - AI and Computer Vision Assisted Health and Fitness Platform.
Healthcare,Replika,Always here to listen and talk. Always on your side. Join the millions growing with their AI friends now!.
Healthcare,Ubie AI Symptom Checker,"Check Symptoms & Find Causes by AI - Answer quiz about your symptoms to find out possible causes, types, severity, and treatment for free by AI. Developed by doctors."
Human Resources & Resume,Cover Letter AI App,Cover Letter AI.
Human Resources & Resume,Hire Hoc,Transform Your Organization with the Power of AI-Assisted Recruiting.
Human Resources & Resume,HireYaY,"92% of job seekers do not finish their online application. With HireYaY, you will never miss a qualified candidate again."
Human Resources & Resume,Hirex.ai,"Welcome to hirex.ai, a no-code AI platform to build voice-based bots that conduct and score interviews at scale. Get the complete suite of assessments tools like coding interviews, MCQ tests, hackathons, video interviews, and WhatsApp chatbots all under single dashboard."
Human Resources & Resume,JD Generator,HireQuotients Skill Assessment Platform helps you hire the top 10% of the talent pool in half the time.
Human Resources & Resume,LazyApply,"We automatically apply to all the jobs on platforms like Linkedin, Indeed and Ziprecruiter."
Human Resources & Resume,Resume Worded,"Designed by top recruiters, our AI-powered platform instantly gives you tailored feedback on your resume and LinkedIn profile. Land 5x more interviews, opportunities and job offers."
Human Resources & Resume,rankode,"Recruiters, everything you need to know about a candidate's programming skills is in their GitHub. Evaluate them automatically with Rankode to avoid expensive hiring mistakes and superboost your retention."
Human Resources & Resume,resumator,Get hired faster with our AI-powered personalized cover letter. It takes just a few seconds!.
Human Resources & Resume,springworks,"Springworks builds human resources software solutions to solve challenges in recruitment, background verification & employee engagement with Blockchain and AI."
Legal,DoNotPay,Use AI to make legal information accessible to everyone.
Legal,Equally.ai,Achieve ADA & WCAG compliance easily.
Legal,Paralegal AI,AI Powered Legal Research and Summaries.
Legal,PatentPal,Automate mechanical writing in your patent applications.
Legal,Spellbook,"Spellbook uses GPT-3 to review and suggest language for your contracts, right in Microsoft Word."
Logo Generator,Logo Rank,Brandmark Logo Maker - The Most Advanced AI Logo Design Tool.
Logo Generator,Looka,Make a logo and build a brand you love with Looka.
Logo Generator,Make Logo AI,"Generate beautiful and unique logos for your startup, powered by Artifical Intelligence."
Logo Generator,Text To Book Cover,"AI image generation for teams - You can easily generate AI logo, AI book covers, AI posters and more - Stockimg AI."
Music & Audio Generation,Adobe Podcast,An audio tool for people with stories to tell.
Music & Audio Generation,Assemblyai,"Automatically convert audio and video files and live audio streams to text with AssemblyAI's Speech-to-Text APIs. Do more with Audio Intelligence - summarization, content moderation, topic detection."
Music & Audio Generation,Cleanvoice AI,"Cleanvoice is an artificial intelligence which removes filler sounds, stuttering and mouth sounds from your podcast or audio recording."
Music & Audio Generation,Clip audio,The audio search engine.
Music & Audio Generation,Coqui,"Direct emotive, generative AI voices for video games, post-production, dubbing and much more…."
Music & Audio Generation,Emergent Drums,"Use our breakthrough plugin to generate endless drum samples, all royalty-free."
Music & Audio Generation,GetSound,"Relaxing soundscapes for saunas, showers, and massage areas. Pools, Beaches, Gardens, or Rooftops will get the perfect soundscape. Make your Lobby, Hallways, or Elevators unique again. Get more done with a natural soundscape for better focus and harmony."
Music & Audio Generation,Krisp,"Krisps AI removes background voices, noises and echo from all your calls, giving you peace of mind."
Music & Audio Generation,LALAL.AI Voice Cleaner,High-quality stem splitting based on the world's #1 AI-powered technology.
Music & Audio Generation,Musico,"Musico is an AI-driven software engine that generates music. It can react to gesture, movement, code or other sound."
Music & Audio Generation,Quasi Music,Unleash your inner musician with Quasi's AI-powered music creation tool. Create never-before-heard sounds and remix classic artists with ease.
Music & Audio Generation,Replica,Try today with 30 minutes of free voice credit.
Music & Audio Generation,Riffusion,Stable diffusion for real-time music generation.
Music & Audio Generation,Soundraw,"Royalty-free music, AI generated for you."
Music & Audio Generation,TuneFlow,"Helps you generate melody, beats, or even a whole song while still being able to edit them like any other professional DAW."
Organization & Automation,BuildAI,"Enter the description of an app that outputs text based on user text input, and we will BUILD IT FOR YOU!."
Organization & Automation,Hexowatch,"Hexowatch is your AI sidekick to monitor any website for visual, content, source code, technology, availability, or price changes."
Organization & Automation,KUBIYA,"Provide developers secure, self-serve access to operational workflows, cloud resources and organizational knowledge with conversational AI."
Organization & Automation,Kive,all your inspiration in one place.
Organization & Automation,Magical,"Call on Magical AI to do all the work stuff you hate doing. Create messages from scratch, update forms instantly, and automate annoying tasks—anywhere, anytime."
Organization & Automation,Nekton.ai,Automate the routine processes for yourself and your team without needing to code or maintain infrastructure.
Organization & Automation,Product Launch AI,Blast off to a great launch without worrying about launch copy!.
Organization & Automation,bardeen,"Coming in 2023 – Bardeen is introducing breakthrough AI to automate manual workflows, save you time, and empower your creativity."
Organization & Automation,mem,"Mem is the world's first AI-powered workspace that's personalized to you. Amplify your creativity, automate the mundane, and stay organized automatically."
Organization & Automation,timeMaster,"TimeMaster automatically detects what you are working on, categorizes your activities, tags projects, and even writes time logs on your behalf."
Photo & Image Editing,AI Image Enlarger,AI Image Enlarger - Enlarge Image Without Losing Quality!.
Photo & Image Editing,AVC AI,"Online AI Image Enhancer That Improves Photo Quality by Upscaling, Denoising, Restoring, Face Refinement, and More."
Photo & Image Editing,Blend,Everything you need to create stunning visuals for your products - in seconds! Teleport your products to professional-grade AI-generated backgrounds. Get 1000s of customizable templates with an intuitive editor.
Photo & Image Editing,Blend Studio,Create beautiful high-quality photos for your products with AI-generated background scenes based on your description.
Photo & Image Editing,Claid.ai,"AI software to enlarge images with no quality loss, correct colors, increase resolution, retouch product photos and edit UGC automatically."
Photo & Image Editing,Colorize,Colorize Photo Online.
Photo & Image Editing,ExtendImage,ExtendImageAI is a tool that allows you to extend your images with generative AI.
Photo & Image Editing,Hama,Amazing photo eraser.
Photo & Image Editing,Imgupscaler,Upscale and enhance your image by using the latest AI technology.
Photo & Image Editing,Magic Eraser,"Magic Studio helps you automatically edit and create images, using AI."
Photo & Image Editing,Palette,"A new AI colorizer. Colorize anything from old black and white photos, style your artworks, or give modern images a fresh look. It's as simple as instagram."
Photo & Image Editing,PhotoFix,Photofix - Magically Edit Photos With AI.
Photo & Image Editing,Photorestoration,Old Photo Restoration Online - Photorestoration.Ai.
Photo & Image Editing,Photospells,Photo Spells - Professional Photo Edition With AI.
Photo & Image Editing,Prisma,Prisma Captures the Essence of Your Photos Transforming Them Into Vivid Color Paintings.
Photo & Image Editing,Prisma Lensa,Lensa Is an All-in-One Image Editing App That Takes Your Photos to the Next Level.
Photo & Image Editing,Remover.app,"Removeanythingunwanted in Seconds, for Free."
Photo & Image Editing,RestorePhotos.io,Have old and blurry face photos? Let our AI restore them so those memories can live on. 100% free – restore your photos today.
Photo & Image Editing,SceneryAI,Generate or update existing images with our AI image editing tool.
Photo & Image Editing,Stillgram,Stillgram is an A.I. point & shoot camera app that magically removes background crowds from your urban/travel photos.
Photo & Image Editing,Topaz Photo AI,"Photo and video enhancement software powered by deep learning gets you the best image quality available for noise reduction, sharpening, upscaling, and more."
Photo & Image Editing,Unfake,"Dont you hate it when you find that perfect, supposedly background-less Image, and download it, but when you go to use it, the dreaded checkerboard appears?."
Photo & Image Editing,jpgRM,"Using 2022 cutting edged AI model to remove any unwanted objects from your images, automatically fill the background."
Photo & Image Editing,jpghd,"Using 2022 cutting-edge AI models for lossless restoration of old photos (supports old, scratched photo restoration, colorization, and Magic Photo)."
Photo & Image Editing,paintbytext,"paintbytext - Edit your photos using written instructions, with the help of an AI."
Plugins & Extensions,AIduh,Chrome extension that cuts your writing time by 98% with AI-powered responses. Built by Hosts for Hosts.
Plugins & Extensions,Autoname,"Rename Figma frames in one click, that's pretty much it."
Plugins & Extensions,Merlin,Free Open AIs ChatGPT powered extension to use anywhere!.
Plugins & Extensions,SplashAI,"Splashai Is a Figma Plugin, Search Engine and AI Image Generator."
Plugins & Extensions,Voilà,"Improve your writing, get answers to all your questions, draft high-quality content and respond to emails. All in one place."
Research Assistant,Elicit,"Elicit uses machine learning to help you with your research: find papers, extract key claims, summarize, brainstorm ideas, and more."
Research Assistant,Scispace,"Your platform to explore and explain papers. Search for 270M+ papers, understand them in simple language, and find connected papers, authors, topics."
Reviews & Recommendations,AI Review Reply Assistant,AI review reply generator: Reply 3x faster to every customer review with individual responses written by your personal AI assistant. No templates are needed.
Reviews & Recommendations,Artreviewgenerator,A natural language processing tool and text generator. It takes a set of words as a prompt and then generates a medium length set of sentences that approximate the training data.
Reviews & Recommendations,Geniusreview,Save tons of hours by using GeniusReview to get tailored answers to your performance review questions.
Reviews & Recommendations,Reviewz,Discover All the Top Things Recommended by Ai.
Reviews & Recommendations,Sona,"We spend countless hours scouring the internet for the best book recommendations from people you admire. Our database is constantly growing, and every single recommendation has been verified for authenticity and includes a link to the source. Enjoy!."
Sales & Marketing,Altera AI,"Get more leads and close more deals with Altera, the AI sales assistant that generates hyper personalised comments, inmails and posts on LinkedIn."
Sales & Marketing,Briefly,Marketing briefs that get to the best creative work. Improve your marketing effectiveness and reduce the cost of badly written briefs.
Sales & Marketing,CastPush,"Connect and broadcast to all your social media channels with just a few clicks using CastPush. Our magical AI technology optimizes your content for each individual connection, ensuring maximum reach and engagement."
Sales & Marketing,Clickable,"Beautiful, brand-consistent, and highly converting ads for all marketing channels. No design experience needed."
Sales & Marketing,Copy.ai,Say goodbye to the blank page for good.
Sales & Marketing,Cuetap.com,AI-powered platform provides automagical Battlecards and actionable Competitive Intelligence.
Sales & Marketing,GetResponse,"Powerful, simplified tool to send emails, create pages, and automate your marketing."
Sales & Marketing,Hoppy Copy,"Save countless hours writing. Use AI to generate powerful copy for hundreds of different email marketing campaigns, drips, newsletters and more—in seconds ⚡."
Sales & Marketing,MarketingBlocks AI,"Human-like all-in-one AI marketing assistant that creates landing pages, promo videos, ads, marketing copy, graphics, emails, voiceovers, blog posts, art & more."
Sales & Marketing,Octie.ai,"Write emails, product descriptions, and more, with A.I. Created by Octane AI."
Sales & Marketing,SaleWhale,"We provide impossibly good Sales Rep and Customer Support Chatbots, using the world's best available AI models. Learn how it will improve your business."
Sales & Marketing,SimplePhones.ai,"Forward your missed calls, or get a new number, and Simple Phones will answer it using AI. You'll get a phone agent created for your business for free. You just pay 19¢/min for any incoming calls."
Sales & Marketing,Speaq.ai,Our mission is to revolutionize B2B marketing and customer support with artificial intelligence. Effortlessly schedule meetings and verify attendance with AI. Streamline your survey process with AI conversational calls.
Sales & Marketing,Userevaluation,"Whether you're focused on UI, UX Research, Design, or CX User Evaluation's AI can answer all your questions."
Sales & Marketing,unbounce,"Turn more of your visitors into customers. Unbounce is the AI-powered landing page builder with smart features that let you create beautiful, high-performing marketing campaigns in just a few minutes."
Search Engines,Anypod,We make your content searchable.
Search Engines,Lexii.ai,Lexii.ai is an AI search assistant that answers questions and cites sources.
Search Engines,OpenArt Photo Booth,"Search 10M+ prompts, and generate AI Art via Stable Diffusion, DALL·E 2."
Search Engines,Perplexity AI,Ask is powered by large language models and search engines. Accuracy is limited by search results and AI capabilities.
Search Engines,Smarty Names,"Finding a creative and unique domain that is still available is easy with SmartyNames.com - Tell us what you do, and our robots will find the domain that is just right for you. Company name generator in one click."
Search Engines,You,The AI Search Engine You Control.
Slides & Presentations,ChatBA,Instantly create slide decks using ChatBCG.
Slides & Presentations,Glimmer AI,Glimmer AI uses GPT-3 and DALL-E 2 to make creating professional-quality presentations easy and fast using text or voice commands.
Slides & Presentations,STORYD,Helps professionals quickly and easily create data-driven business presentations.
Slides & Presentations,SlidesAI,"Say goodbye to tedious, manual slides creation. Let the AI write the outline and presentation content for you. With our tool, you can easily create professional, engaging slides from any text in no time."
Slides & Presentations,Tome,Unlock your best work with Tome's AI-powered storytelling format.
Social Networks & Dating,AI movie Club,AI-MOVIE CLUB is a social network that create movies with artificial intelligence!.
Social Networks & Dating,Elektrif,The first suite of AI-powered tools to supercharge your dating life ⚡️.
Social Networks & Dating,Graham AI,Graham.Ai - Tech Tweet Generator.
Social Networks & Dating,LoveGenius,"LoveGenius is an AI dating assistant that helps attract better matches by crafting an outstanding dating profile. It uses a combination of machine learning algorithms, data from successful dating profiles, and human insights based on interviews with dating coaches and experts."
Social Networks & Dating,Postwise,"Write, schedule and grow with the world's smartest AI Twitter tool."
Social Networks & Dating,ReContent.AI,"Transform Your Newsletter, Blog Post, Into Twitter Content With Recontent.Ai."
Social Networks & Dating,Roast,"ROAST helps people 10x their matches on dating apps like Tinder, Bumble, and Hinge. Powered by AI, it provides offers data-driven dating insights and expert advice to increase the quantity and quality of their matches."
Social Networks & Dating,TinderProfile.ai,"TinderProfile.ai uses AI to analyze users' selfies & photos and generate high-quality images to enhance dating profiles, boosting chances of getting more matches."
Social Networks & Dating,Tribescaler,Tribescaler.
Social Networks & Dating,TweePT3,"Tweept3 - Twitter-Integrated, Gpt3 Powered Tweet Writer."
Social Networks & Dating,TweetAI,Tweet AI.
Social Networks & Dating,TweetEmote,Tweetemote.
Social Networks & Dating,Tweethunter,"Get sales, growth and new networks. Faster than what you're currently trying."
Social Networks & Dating,Tweetspear,Revolutionize Your Twitter Engagement with  AI-Powered Suggested Replies .
Speech,Adobe Speech Enhancer,Speech enhancement makes voice recordings sound as if they were recorded in a professional studio.
Speech,Lingostar,"Lingostar is the AI who language learners can speak to in English, Spanish, or French. Reach fluency with REAL spoken conversations for free. No more tutors - chat with the Lingostar A.I. to improve your pronunciation, vocabulary, and comprehension."
Speech,SmallTalk2.me,"With SmallTalk, learners can self-assess their English proficiency level, prepare for a job interview in English or the IELTS exam, and engage in speaking exercises that prepare them for conversations in the workplace, academic settings, or everyday life."
Text,Bookclub,Bookclub.Ai - Meet Your Next Book.
Text,Childbook,"Your book will be personalized with characters, pictures and story. The story and illustrations also have a text-to-speech feature and can be listened to."
Text,Cover Letter AI,The ultimate tool for crafting the perfect cover letter.
Text,Coverletterwrite,Ask AI to write a personalized cover letter.
Text,Deploy Prompt,"Test your prompt ideas then record, share, and iterate on responses. Deploy with No Code, to your App, as an API, or as a ChatGPT Plugin, and more. It's the fastest way to get your prompt-driven application live in production."
Text,Diffusion.chat,Diffusion Chat.
Text,Digital Dogs,"Cross-app, AI Digital Dogs NFTs for Virtual worlds, VR, AR, social apps, games and more."
Text,Excelformulabot,Transform your text instructions into Excel & Google Sheets formulas in seconds with the help of AI.
Text,Explainpaper,Explainpaper.
Text,Filechat,Filechat is the perfect tool to explore documents using artificial intelligence. Simply upload your PDF and start asking questions to your personalized chatbot.
Text,Formula Dog,"Transform your text instructions into Excel formulas, VBA, Regex etc. in seconds with the help of AI."
Text,Formulagod,Talk to sheets with built-in artificial intelligence.
Text,GPT Hotline,Connect with the world's smartest AI on WhatsApp.
Text,Gandhiji,AI Powered Chat Apps for Everyone.
Text,GoalsGPT,The easiest way to keep track of your OKRs and team goals. Align your team around outcomes without feeling like a chore.
Text,Goatchat,"Did you ever want to ask Napoleon or Einstein a few questions? Well, now you have a chance."
Text,Hello History,With the help of modern AI & machine learning we have brought historical figures back to life. Now is your chance to ask the questions you have always wanted to ask.
Text,Infiniteconversation,"An AI generated, never-ending discussion between Werner Herzog and Slavoj Žižek."
Text,Jot,Jot automagically generates infinite ad copy variations for you using AI. Streamline your team's copywriting processes with artificial intelligence. Powered by OpenAI GPT-3.
Text,Justlearn,"AI Friend, Chat & Call app designed to teach you anything. Voice. Diary. Music. Workout."
Text,Kidotail,A New Way to Ignite Your Child's Imagination. Endless Storytelling Possibilities.
Text,Langame card game,Create your personalized deck of cards and play with your friends. Select which cards should be part of your own deck by swiping 💅.
Text,Myess,"Supercharge your writing with instant, highly detailed feedback from our AI tutor. Real, actionable feedback - not just another Grammarly."
Text,Namelix,Business Name Generator - Free AI-Powered Naming Tool - Namelix.
Text,Namewizard,namewizard is the generator that uses AI to find the perfect business and domain name for your next project.
Text,Neural Formula,Formula Generator - Neural Formula.
Text,Oracle,"Get instant answers to all your burning questions with Oracle. Simply ask on Slack and let our AI generate an answer for you. Connect Oracle to Slack, Google Docs, and Confluence with just one click and maximize your productivity."
Text,Philosophy,Ask a Philosopher.
Text,Politepost,"Make sure your emails are professional and suitable for the workplace. Write your draft with all your slang and expletives, and our AI bot will rewrite and clean up the text."
Text,Promptmakr,The Platform for Prompt Engineers to Generate and Share Unlimited AI Art Prompts for Free.
Text,Proposalgenie,Write the Perfect Upwork proposal in seconds.
Text,Rephrasee.com,"This tool utilizes Artificial Intelligence to help you with rephrasing, translating, and proofreading. Get the highest quality help with your written content, quickly and accurately with AI-powered technology."
Text,ReplAI,Replai - Reply Quickly With AI.
Text,Scarlettpanda,Scarlett Panda - use our magic to generate customized bedtime stories featuring your friends and family.
Text,Scholarcy,Scholarcy™ is an online summarizing tool that generates and converts long articles into summary flashcards. Sign up free & start summarizing.
Text,Sheet AI,SheetAI is a Google Sheets add-on that helps you unlock the power of AI in your spreadsheets.
Text,SheetGod,Form Approval Workflow Software - Google Forms Add On.
Text,Spellbox,SpellBox uses artificial intelligence to create the code you need from simple prompts. Solve your toughest programming problems with AI in seconds!.
Text,Splitjoin,AI assistant to help you write commit messages faster.
Text,Startup Pitch Generator,Create forms for all purposes in seconds.Without knowing how to code.
Text,Storywizard,Storywizard uses AI to help you generate astonishing stories for children with vivid images and beautiful plots.
Text,Sudowrite,"Write your novel or screenplay faster with best AI writing tool according to The New Yorker, NY Times, The Verge, and many more."
Text,Texti,Texti.App.
Text,Upword,Capture key ideas from content with Upwords AI. Create online summary docs. Grow your knowledge.
Text,Writemeacoverletter,"Generate a cover letter in seconds using AI. Just upload your CV, share a link to the job you want, and we'll do the rest."
Text,Your Cover Letter,Apply for your dream jobs using our AI Cover Letter builder. Add your Resume and the Job Description to generate a Cover Letter in seconds.
Text,coverletter.app,Stand out from the competition and increase your chances of getting hired with personalized cover letters from our advanced AI technology.
Text To Speech,Article.Audio,"too lazy to read an article? no problem, listen to it! Powered by Thundercontent."
Text To Speech,Createaivoiceovers,"Text to Speech Online Voice Generator, Text to Speech Generator - Realistic Voices - Create AI Voice Overs."
Text To Speech,Eleven,"The most realistic and versatile AI speech software, ever. Eleven brings the most compelling, rich and lifelike voices to creators and publishers seeking the ultimate tools for storytelling."
Text To Speech,FakeYou,Fakeyou. Deep Fake Text to Speech.
Text To Speech,Free Text-To-Speech,Free Text to Speech Online Converter Tools.
Text To Speech,Listnr 2.0,Generate realistic Text to Speech (TTS) audio using our AI Voice Generator with the best synthetic voices. Instantly convert text in to natural-sounding speech and download in MP3 and WAV formats.
Text To Speech,Lovo,Lovo AI - Free Text to Speech Online With Natural Voices.
Text To Speech,Murf.ai,"AI enabled, real people's voices. Make studio-quality voice overs in minutes. Use Murfs lifelike AI voices for podcasts, videos, and all your professional presentations."
Text To Speech,NaturalReader,AI Voices - Naturalreader Home.
Text To Speech,Play.ht,Generate realistic Text to Speech (TTS) audio using our online AI Voice Generator and the best synthetic voices. Instantly convert text in to natural-sounding speech and download as MP3 and WAV audio files.
Text To Speech,Speech-to-Speech,Resembles AI voice generator lets you create human–like voice overs in seconds.
Text To Speech,Speechelo,We GUARANTEE no one will tell your voiceover is A.I. generated with a text to voice tool.
Text To Speech,Speechify,"Power through docs, articles, PDFs, email — anything you read — by listening with our leading text-to-speech reader."
Text To Speech,Underduck,"Uberduck - Text-to-Speech, Voice Automation, Synthetic Media."
Text To Speech,VERBATIK,Generate Realistic Text to Speech (TTS) audio using online AI Voice Generator and best synthetic voices. Instantly convert text in to natural-sounding speech and download as MP3 and WAV audio files.
Text To Speech,Voicemaker,Voicemaker® - Text to Speech Converter.
Text To Speech,Voicera,Voicera - Give Voice to Your Articles and Blogs.
Text To Speech,Wellsaid,"With WellSaid, you and your team can create a compelling realistic AI voice over for all your digital content."
Translation & Transcript,Ava,Professional & AI-Based Captions for Deaf & Hoh - Ava.
Translation & Transcript,Deciphr AI,"Powered by deep AI, Deciphr timestamps and summarizes your entire podcast transcript for you. In less time than it takes to make coffee."
Translation & Transcript,DeepL,Deepl Translate: The World'S Most Accurate Translator.
Translation & Transcript,Graphic AI,Stork helps teams improve communications and productivity. It is a Business Messenger for Hybrid & Remote Teams that Records and Transcribes All Meetings and Calls automatically. Made for asynchronous post pandemic world and assisted by artificial intelligence.
Translation & Transcript,Papercup,Papercup - AI Dubbing and Video Translation Software.
Translation & Transcript,Rephrasely,"Rephrasely uses state-of-the-art AI to produce variations of your text in more than 100+ languages for each of the eighteen (12 free and 6 premium) styles that we offer. By doing this, we are able to offer more value and variety than any other service."
Translation & Transcript,Rythmex,"Transcribe audio to text easily, quickly, and effectively."
Translation & Transcript,Scribebuddy,"Automatically Transcribe Any Audio, Video, Zoom Call, Google Meet, Podcast, Live Speech & More in Minutes."
Translation & Transcript,Supertranslate,"Powered by OpenAI's Whisper, the world's most accurate speech-to-text engine!."
Translation & Transcript,Taption,"Automatically Generate Transcript, Translation and Subtitles - Taption."
Translation & Transcript,TranslateVideo,Translate.Video.
Translation & Transcript,Voicetapp,Get accurate transcriptions for your AUDIO & VIDEO with the latest speech rocognition technology.
Vacation & Trip Planner,Orkoi,"Our AI will build you a customized plan for any city or location you'd like to visit, complete with restaurants, fun activities, attractions and tips to make the best adventure."
Vacation & Trip Planner,Roamr,Roamr - Your Dream Vacation in Seconds.
Vacation & Trip Planner,Vacay,"This AI-Assistant can design a custom trip, give you inspiration on where to go, and even generate local recommendations for hotels, restaurants, and attractions."
Video,AI Host,"LiveReacting helps you get more followers and engagement by adding pre-recorded videos, games, countdowns, and polls to your stream."
Video,Augie,"Upload text, narration, or clips, and Augie will analyze the content and create a video instantly to match your words!."
Video,BRIA,Create Images and Video at Scale - Bria.
Video,Boolpic,Generate on-brand videos 10X faster with AI to boost marketing performance.
Video,D-ID's Creative Reality Studio,"Produce customized videos featuring talking avatars at a touch of a button, giving businesses and creators superpowers."
Video,Deepfakesweb,Our easy to use deepfake app uses AI and Deep Learning to generate amazing face swap videos. Make your own deepfake video today.
Video,Eightify,"⚡️ Get instant AI-powered summaries for YouTube videos, save time, translate in 28 languages."
Video,Elai,"Build customized AI videos with a presenter in minutes without using a camera, studio and a greenscreen."
Video,FilmForge,"Instantly generate engaging videos. Captions, voiceover, transcript, and graphics included."
Video,Fliki,Create videos from scripts or blog posts using realistic voices in 2 minutes!.
Video,Gling,Our AI will cut silences and bad takes for you so you can focus on your YouTube videos.
Video,Move,Capture high quality motion data from video in any environment using mobile phones.
Video,Pictory,"Automatically create short, highly-sharable branded videos from your long form content."
Video,Simplified,"Design, Write, Edit videos, and Publish Content. Built For Teams."
Video,Story Bard,Video Stories Generated by AI.
Video,Summarize Tech,"Get a summary of any long YouTube video, like a lecture, live event or a government meeting. Powered by GPT-3."
Video,Supercreator AI,Supercreator.Ai - Create Videos 10X Faster With AI.
Video,ToWords,Make your videos and audio come alive with written words.
Video,Typestudio,"Type Studio is a fast, simple, and joyful way to edit and growyour podcasts, streams, and interviews."
Video,Vidyo,Create social ready short clips from your videos with AI ✨ Save 90% time and effort.
Video,Waymark,"When TV, CTV, and digital ads are this effortless, the possibilities are limitless. High-impact ads are now open to everyone, with Waymark."
Video,Wzrd.ai,WZRD augments your audio with immersive video powered by artificial intelligence.
Web Design,Designs AI,"Create anything online in 2 minutes! Make a logo, video, social media banner, business card, flyer, mockup and more with AI."
Web Design,Durable,Durable: AI Website Builder and Service Business Software.
Web Design,Genius by Diagram,Genius - Your AI Design Companion.
Web Design,Magician,A magical design tool for Figma powered by AI.
Web Design,Piggy,Creating stunning content on your phone just got easy.
Web Design,Stunning.so,Build stunning websites in 30 seconds including copy & even images powered by AI.
Web Design,Uizard,"Uizard - App, Web, & Ui Design Made Easy - Powered by AI."
Writing Assistant,AI Lyrics Generator,"Generate your own song lyrics for any topic, also choose lyrics genre and lyrics mood."
Writing Assistant,AI-Writer,"AI-Writer is the most accurate content generation platform, using state-of-the-art AI writing models to generate articles from just a headline."
Writing Assistant,AIKIt,Aikit - Your Wordpress AI Assistant Using GPT-3.
Writing Assistant,Bearly Ai,Save Hundreds of Hours Reading and Writing With the World'S Best AI.
Writing Assistant,BlogNLP,"An AI-based blog writing tool that can help you craft captivating content quickly and easily, eliminating writer's block and saving you time."
Writing Assistant,Eilla,Eilla AI - AI Content Generation Assistant.
Writing Assistant,Elephas,"Save hours every day. The world's first AI writer that works across your Mac, iPhone, and iPad."
Writing Assistant,EssayBar,Essaybar — Revolutionize Your Writing With AI-Crafted Essays!.
Writing Assistant,FreewriteAI,The AI Writing Tool for Everyone.
Writing Assistant,Paragraph AI,Paragraphai • Best AI Writing App • Free AI Writing Assistant Tool.
Writing Assistant,Paraphraser,Free Paraphrasing for All Languages.
Writing Assistant,Paraphraser AI,Yaara — AI-Powered Writing Assistant.
Writing Assistant,Rizz!,"The world's most powerful text AI, built into your keyboard."
Writing Assistant,Rytr,"Rytr - Best AI Writer, Content Generator & Writing Assistant."
Writing Assistant,SmartScribe,SmartScribe helps solve the complexities of writing through the use of Artificial Intelligence.
Writing Assistant,Thundercontent,Thundercontent uses artificial intelligence to help you write unique articles on any topic at the speed of light. Scale your content strategy. Overcome writer's block.
Writing Assistant,Typly,Typly is the ultimate cutting edge AI keyboard that helps you to answer all your messages with a single click!🚀.
Writing Assistant,WebCopilot,Write your Notion pages with AI. Speed up your writing process and focus on what matters. Free Forever.
Writing Assistant,Whiskey AI,"Whiskey has been designed for students, journalists and professionals to be able to express their thoughts into well-written text formats with minimal effort and time."
Writing Assistant,Wordtune,Wordtune - Your Personal Writing Assistant & Editor.
Writing Assistant,Writefull Academizer,Writefull X: AI Applied to Academic Writing.
Other,1Case,Find your 1 of a kind case in seconds.
Other,AI Car Diagnosis,Get real-time diagnostics and insights into your cars performance with our cutting-edge tool.
Other,AI Content Generator,Yep.So - From Idea to Signups in 15 Minutes.
Other,AI Data Sidekick,Airops - Data Unlocked. 10X Faster With Ai.
Other,AI Image Upscaler,Upscale your image to 2x or 4x without losing any textures or details with our AI tool. Use our super-resolution tool and bring new life to your images.
Other,AI Paraphrasing Tool,Contentbot - AI Writer - AI Content for Founders and Content Marketers.
Other,AI Pickup Lines Generator,AI Pickup Lines.
Other,AI Prompt Generator,Fiction.
Other,AI Query,"Use simple English and let AI do the heavy lifting for you. With AI Query anyone can create efficient SQL queries, without even knowing a thing about it."
Other,AI Recipe Generator,AI Recipe Generator.
Other,AI Rental Cover Letter,"Connect with Sharehouses, Housemates Or Flatmates. Freely List & Advertise Your Room, House, or Flat."
Other,AI Resume Editor,"Rezi - The Leading AI Resume Builder Trusted by 352,894 Users."
Other,AI SQL BOT,AI SQL Query Builder: Easiest Way to Build SQL Queries Without Prior SQL Knowledge - SQL Query Builder Using AI.
Other,AI Social Bio,AI Social Bio.
Other,AI Social Media Post Writerby Socialblu,"SocialBu is the perfect solution to improve your social media presence and maximize your results. Publish, Respond, Analyze, and Automate - all from within SocialBu."
Other,AI Sports Prediction,AI Sports Betting Predictions - Sports Prediction AI.
Other,AI Writer by Picsart,"Creating transparent backgrounds for your images, trimming videos, and converting file types - do it all with Quicktools."
Other,AIArt,Aiart.Dev.
Other,ARTSIO,Artsio.
Other,Adobe Mic Check,Get advice on how to improve your microphone setup. Well make sure you sound podcast-ready.
Other,Aiappideas,AI App Ideas.
Other,Aida,Let our Ai powered website builder get your business online in minutes.
Other,Aiva,Aiva - The AI Composing Emotional Soundtrack Music.
Other,Albus,Albus uses natural language processing technology to help you find answers to all your questions without leaving Slack. Have the power of ChatGPT now right inside your Workspace!.
Other,Alfred,Alfred - GPT Chat on Mobile.
Other,Amadeus Code,企業情報、採用情報、投資家情報、ニュースなど、Amadeus Codeの企業情報全般を提供する公式企業サイトです。.
Other,Amper AI,"Amper is an AI music composition company that develops tools for content creators of all kinds. Learn about our new enterprise platform, Score, as well as our creator API."
Other,Andisearch,Andi - Search for the Next Generation.
Other,Ansy,GPT-3 powered Discord bot that answers questions from your Discord community members based on chat history.
Other,Artflow,Artflow.
Other,Artistator,Generate Artist Names of Your Favourite Music Genres.
Other,Artroom,Artroom AI.
Other,Ask Poppy,You know your lifestyle. We know the products. Let's build your baby registry together.
Other,Aspen,Aspen.
Other,Athena,Apac AI Account Portal.
Other,Atlas Navi,Atlasnavi.Com.
Other,Auto Draw,Fast drawing for everyone. AutoDraw pairs machine learning with drawings from talented artists to help you draw stuff fast.
Other,AutoPredict,AutoPredict uses state of the art AI to predict how long a UK car is likely to last.
Other,Avtrs,Avtrs.Ai.
Other,B^ DISCOVER,You will have a new experience of discovering your story in images.
Other,BaruaAI,Brian Gacheru.
Other,Baseten,"Baseten is a serverless backend for building ML-powered applications. Build apps with auto-scaling, GPU access, CRON jobs, and serverless functions."
Other,Beb AI,"The possibilities are limitless, beb."
Other,BetterWriter,Write Faster With A.I. Betterwriter.Ai.
Other,BigJpg,Bigjpg - Image Super-Resolution for Anime-style artworks using the Deep Convolutional Neural Networks without quality loss. Photos are also supported.
Other,Bito AI,Bito.
Other,Blimey,"Blimey is an ai image generator where you can go from idea to reality in a minute. With full control over composition, colors and style."
Other,Bloomoon,Discover unique AI-generated paintings at bloomoon.
Other,Boomy,Boomy - Make Instant Music With Artificial Intelligence.
Other,Botowski,Your Personal AI Copywriter - Botowski.
Other,BrameWork,"Bramework is an easy-to-use AI writer that helps bloggers, freelancers, and agencies save hours per blog post."
Other,Business Idea Generator,Brainstorm Business Ideas.
Other,CFRexplorer,CFR Explorer - Ask AI Questions About CFRS.
Other,Caktus,Caktus AI.
Other,Chapterme,Chapterme - AI Powered Chapters for Your Videos.
Other,CheapNFT.Art,Cheap NFTS.
Other,Code Language Converter,Code Language Converter - Convert Code to Other Languages Using AI.
Other,Cogram,Cogram uses artificial intelligence to create high-quality meeting minutes and propose action items.
Other,Colossyan,Colossyan Creator makes video creation simple and stress-free. Discover our AI video creator with real actors. Create videos in less than 5 minutes.
Other,Compose AI,Compose Ai: Automate Your Writing.
Other,Coolaiid,"Whether you're looking to decorate or just need a little inspiration, we'll generate unique ideas using AI."
Other,CopyScouts,Use unlimited GPT-3 based AI writing for a fixed monthly price.
Other,Coverquick,Apply with confidence.
Other,Cowriter,Co Writer - Your AI Buddy for Inspiring Marketing Content.
Other,Craiyon,Craiyon is an AI model that can draw images from any text prompt!.
Other,Dadabots,Neural Networks.
Other,Daft Art,"Daft allows you to create an amazing, high quality artwork for your album cover within a few minutes, powered by AI."
Other,Daydrm,The future of advertising is using machine learning to perform creative thinking.
Other,Debuild,Debuild - Build Web Apps Fast.
Other,DetangleAI,Detangleai.
Other,Dewey,Dewey: Your New Accountability Buddy.
Other,Diffusion Bee,DiffusionBee is the easiest way to generate AI art on your computer with Stable Diffusion.
Other,DigiMarkAI,Digimarkai.
Other,DrawAnyone,"Drawanyone - Draw Anyone, Any Way You Want."
Other,Dreamily,Dreamily-Beta.
Other,Dubverse.ai,Online Video Dubbing With Dubverse.Ai.
Other,Dust,Dust - Xp1.
Other,Ebsynth,You paint one frame and EbSynth propagates it to the rest of the footage.
Other,Echowin,AI Powered Call Management With Full Natural Language Understanding and Personalized Responses for Every Scenario.
Other,Ecrett Music,Easy Way to Create Royalty Free Music - Ecrett Music.
Other,Everypixel,Stock Image Search Engine - More Than 50 Best Sources - Everypixel.
Other,ExactBuyer Search,Exactbuyer - AI Powered Business Search for Prospecting Teams.
Other,Fireflies,"Fireflies.ai helps your team record, transcribe, search, and analyze voice conversations."
Other,Flexberry AI Assistant,This helps to reduce 30% of the time business analyst uses for processing requirements  and also to generate artifacts.
Other,FoodAI,Foodai.App - Generate Cooking Recipes With Ai!.
Other,Friday AI,Heyfriday - Ultimate AI Writer.
Other,GGPredict,Ggpredict.Io.
Other,GPTKey,Write with AI in any app using the GPT custom keyboard extension.
Other,Genius Sheets,Genius Sheets AI Text To Reports solutions help you analyze financial data faster - empowering teams to make better decisions. Stay in Excel and Google Sheets and automate your financial reporting process with live data connections.
Other,Gifts Genie,Genie - AI Gifts Generator.
Other,Glasp,Highlight & add notes as you read.Create a library of your learning.
Other,GooseAI,Gooseai.
Other,H2O AI,H2O.Ai - AI Cloud Platform.
Other,Handywriter,Handyplugins — Well-Crafted Wordpress Plugins.
Other,Headline-ai,Headline AI.
Other,HelloScribe,Helloscribe: Bring Your Best Ideas to Life.
Other,HookShot,Hookshot Speed Reading Game.
Other,HotConvo,Hotconvo.
Other,Hour One,Make AI Videos to Train Anyone or Explain Anything - Hour One.
Other,Hubble,"Create world class products by gathering high quality feedback from users on prototypes, betas and live features."
Other,ICONS8,"Change faces of stock photos, Smart Upscaler, Update your website right from Lunacy and more."
Other,Ideasai,Startup Ideas Powered by Openai.
Other,Inferkit,Inferkit.
Other,Infinite Drum Machine,Experiments With Google.
Other,Inworld,"Create AI characters and NPCs for games, metaverse, and business applications – or just for fun. You can talk to AI characters about anything. Its easy, free, and full of possibilities."
Other,Jamie,jamie is an AI assistant that creates summaries of meetings in business-writing quality within seconds. Try now and convince yourself of the magic experience.
Other,Jenni,Supercharge Your Writing With Jenni AI.
Other,Kinestex,Kinestex - AI Coach in Your Phone.
Other,Kore.ai,Kore.ai automates front-office and back-office interactions for every industry by deploying conversational AI-first virtual assistants and process assistants.
Other,Langotalk,Have confident conversations in weeks instead of years.
Other,Letsenhance,"AI software to enhance and upscale pictures. Increase resolution and quality. Fix blurry, pixelated and bad images. Make every photo sharp and clear."
Other,Levity,Levity - No-Code AI Workflow Automation Platform.
Other,Linkedin Posts Generator,"Hi, I am Siddharth Verma. A start-up enthusiast with 6+ years of experience. I have worked with over 50+ SAAS companies helping them build robust scalable solutions, product and engineering problems."
Other,LuciaAI,Lucia uses the latest and most advanced artificial intelligence technology. With Lucia you can write faster and better than ever before.
Other,Magic Mate,Magicmate.
Other,MagicStock,Upscale and Enhance videos and images online using AI.
Other,Make a Video,Make-a-Video.
Other,Make3D,Make Your Image 3D.
Other,Mapwith.ai,"In conjunction with OpenStreetMap, we are creating tools that we hope will enable the mapping community to enjoy a faster & more accurate mapping experience."
Other,Masterpiece Studio,Masterpiece Studio.
Other,Mokker,AI-Powered Photo Generation for E-Commerce.
Other,Moonbeam,Moonbeam - Never Write From Scratch Again.
Other,Movio,Movio - AI Spokesperson Video Generator.
Other,Mrgn,Enterprise Intelligence for Small Business.
Other,My Instant Writer,My Instant Writer.
Other,My Pitch Deck,My Pitch Deck - AI-Generated Pitch Deck Templates for Startups.
Other,MyAnima AI Companion,Anima: AI Friend.
Other,NMKD Stable Diffusion,N00Mkrad - Itch.Io.
Other,NSFW JS,NSFW Js.
Other,Natural Language Playlist,Natural Language Playlist.
Other,Neural Studio,with AI powered image processing.
Other,Neural.Love,"Use AI Image Generator for free or AI enhance, or access Millions Of Public Domain images - AI Enhance & Easy-to-use Online AI tools."
Other,Neuralblender,Neuralblender.Com.
Other,Neuralframes,Neural Frames.
Other,Neuroflash,App - Neuroflash.
Other,NewsDeck from OneSub,"Newsdeck - Find, Filter & Analyse Thousands of Articles, Daily."
Other,Nichess,Nichesss - AI Writer - AI Copywriting Software.
Other,Nightcap,Nightcap Guru.
Other,Nijijourney,魔法でイラストをつくろう.
Other,Not A Person,Neural Actors.
Other,Notion AI,Notion – One Workspace. Every Team.
Other,NovelAI,Novelai - The GPT-Powered AI Storyteller.
Other,Nyx Gallery,Images on this website have been generated with AI and are therefore “not real”.
Other,Oda Studio,Pick your style and color to customize your home in seconds with AI.
Other,Olli,"Olli is the AI platform for creating data visualizations 10x faster - it's like having an assistant that deals with the annoying parts of finding data, creating visualizations, and getting them ready for presentations."
Other,Once Upon A Bot,"Tell OnceUponABot your story idea, and the robot will write a story from scratch using AI. Then you can read, edit, export, and share your creations."
Other,Orchard,Orchard.
Other,Outdone V2,Outdone.
Other,Paperade,Paperade is the first AI-powered tool that generates commercial use cases and company ideas from over 100 million academic papers and research studies.
Other,Patience,Patience - AI Art With Stable Diffusion.
Other,Pattern Maker AI,Generate seamless vector patterns using artificial intelligence.
Other,PatternedAI,Patternai.
Other,Peppertype.ai,Generate content that converts in seconds.
Other,PersonaCardAI,Stop spending hours in workshops to try to find your personas. Our AI reveals your top 3 personas profiles within your CRM with 20+ attributes.
Other,Petpic,"Your favorite animal can now be anything, anywhere, even anyone. Just upload some pics and let AI do its creative magic."
Other,Petportrait,"Looking for a thoughtful pet gift? Pet Portrait AI generates unique, custom-made portraits of your cats, dogs, and other pets in a variety of styles. Our AI technology ensures that each portrait is one-of-a-kind, just like your pet."
Other,Pfpmaker,Upload your photo to create a professional-looking profile picture and a matching background cover.
Other,Phase,Welcome to Phase!.
Other,Photoleap,"Use all-in-one photo editor Photoleap for amazing creations on your iPhone: Change backgrounds, remove objects, create collages, apply filters & effects."
Other,PicSo,"PicSo is a text-to-image AI Art Generator app & online platform for creative digital art. FREE try and turn your ideas to NFT art, oil painting and more."
Other,PictoDream,Generate any images of yourself (or another person) in any style or setting using a simple text description.
Other,Pictorial,"Inspiration is hard to come by. Get your message across hustle-free by leveraging an AI able to generate reliable, ready-to-use visual masterpieces."
Other,Pinegraph,"Pinegraph is all you need to bring your creativity to life. Generate AI art for free with Pinecasso for styles like anime, abstract art, and more. Create your own concept characters including waifus and husbandos, game art, and more."
Other,Pitchgrade,"A pitch deck is a presentation that a company uses to pitch to investors. It goes over the companys business model, financial projections, and other key metrics that investors would want to see."
Other,Pixelmind,Your journey into AI-powered art. Create and collect NFTs through the Pixelmind portal. Evolve your style. Raise your game.
Other,Pixelz AI,"Create unique AI artwork using text, phrases, images & presets, share, download, print & mint as NFTs."
Other,Poised 2.0,Poised - Free AI-Powered Communication Coach.
Other,Polymath Robotics,Magically simplified autonomy for industrial vehicles.
Other,Post Parrot,Post Parrot - A Free Marketing Tool for Reddit.
Other,Predis,Social Media Marketing Made Easy With AI - Predis.Ai.
Other,Prettysmart.co,Prettysmart.
Other,Prodigy AI,Are you an engineer wondering about your next gig? Tell HAL what you're looking for and get personalized career advice sent directly to your inbox.
Other,Project Blink,"A place for us to share some of our explorations into the future of creativity, expression, and communication."
Other,PrometheanAI,Promethean AI.
Other,Prompt.Cafe,Prompt.Cafe - AI Prompt Starter Pack.
Other,PromptExplained,"Elevate Your AI Experience with Easy-to-Follow Guides on Prompt Customization for ChatGPT, Dall-e, Stable Diffusion and MidJourney for Enhanced Conversations, Striking Visuals, and Limitless Creativity Across Applications."
Other,Promptextend,Promptextend - Extend/Generate AI Art Prompts for Midjourney.
Other,Prompthunt,"Create, explore, and share AI art using DALL·E, Stable Diffusion, and Midjourney."
Other,Promptomania,Promptomania: AI Art Community With Prompt Generator.
Other,Question Base,Question Base is a new kind of knowledge base. Powered by AI it answers your teams questions inside Slack. Automatically.
Other,Quilt & Create,Quilt & Create.
Other,Quizwhiz,"Provide a body of text and get AI-generated Questions and Answers, along with their Multiple-Choice options."
Other,RTutor,Rtutor.
Other,Raplyrics,Write a few words in the prompt below and generate a unique rap music punchline using Artificial Intelligence !.
Other,Rationale,Rationale - A Revolutionary Decision-Making Tool Powered by the Latest GPT and in-Context Learning.
Other,Recommendme,Recommendme.
Other,Redacta.me,Redacta.Me - Tu Community Manager Virtual.
Other,Reface,"Create realistic face swap videos, GIFs and memes with just one selfie."
Other,ResumAI,"we have helped over 100,000 people land their dream jobs. Let our job search strategies take you from resumes to better days."
Other,Reviewgenerator,Reviewgenerator.App.
Other,Revive,Revive - Envision Business Ideas With AI.
Other,Revspot,Revspot AI - A New Way of Writing.
Other,Rewind,Rewind.
Other,Rick and Mortify,Rick and Mortify.
Other,Riku,Riku.Ai - Build No-Code Prompts & Datasets for AI Models.
Other,SQLgenius,SQL Genius - English to SQL Query AI Translator.
Other,SUPERMACHINE,SUPERMACHINE enables you to generate images with the latest in artificial intelligence technology.
Other,SafeSpelling,Safespelling - Write Without Mistakes.
Other,Scale Catalog Forge,"Trusted by world class companies, Scale delivers high quality training data for AI applications such as self-driving cars, mapping, AR/VR, robotics, and more."
Other,Scene One,Write more stories with our intuitive writing app and spend less time learning complicated features.
Other,Sitekick,AI Landing Page Builder.
Other,Snackable AI,Snackable.
Other,Snipd Podcast Summaries,Unlock the Knowledge in Podcasts - Snipd.
Other,Solidpoint,Solidpoint.
Other,Songmastr,Songmastr - Automatic Song Mastering to Reference.
Other,Songtell,Songtell - Your Song Meaning Teller.
Other,Soundful,"Soundful empowers creators to generate royalty free tracks at the click of a button. The quality of Soundful music is so rich, you wont believe it was made with AI."
Other,Splash,Splash - Bringing the Joy of Music Making to Everyone.
Other,Stabledojo,Stabledojo.
Other,Steve AI,"With our patented AI technology, you can make professional videos in MINUTES. See the MAGIC happen as the AI picks the right creative media assets for your Video."
Other,StoriesbyAI,Stories by AI - Substack.
Other,Storya,Storya - AI Publishing for Everyone.
Other,Studio Design,"Studio, an AI-Augmented Design Tool."
Other,SuenaGringo AI,Escribe inglÃ©s con confianza y rompe las barreras.
Other,Suggest Gift,Artificial Intelligence based tool to help you get amazing gift suggestions for any occasion.
Other,Sumly,AI-Generated Podcast Summaries - Sumly.Ai.
Other,SummerEyes,Summereyes: AI-Powered Summaries in Your Browser.
Other,Summon,"Build better products as a team. Design, prototype, and gather feedback all in one place with Figma."
Other,Super Prompt,"Create a gallery for your AI art. Next time someone asks to see all your art, you'll have somewhere to point them to. Showcase all your AI art in one place."
Other,Supermeme.ai,Generate original AI memes in 110+ language by entering any text input and turning that into a shareable memes. Powered by GPT-3 and a custom built meme database.
Other,Supernormal,Supernormal - AI That Writes Your Meeting Notes.
Other,Synth Run,Synth.
Other,Synthesia,Synthesia - #1 AI Video Generation Platform.
Other,TLDR This,"This helps you summarize any piece of text into concise, easy to digest content so you can free yourself from information overload."
Other,Takomo,Login - Takomo.
Other,Talk to Books,Google Books.
Other,TalkingPhoto by Movio,Movio - AI Spokesperson Video Creator.
Other,Tavus,Welcome.
Other,Teacherbot,"We have developed the most powerful tool a teacher can have access to. You can create tasks and activities for all levels as well as topic plans, forward plans, lesson plans and much more. You are limited only by your imagination."
Other,Text Assistant,Jordi Bruin.
Other,Text to Image Editor,Create Any Image Using Text - Imgcreator.Ai.
Other,TextSynth,Textsynth.
Other,Textunbox,TextUnbox - harness the power of AI!.
Other,Thegist,Thegist AI Summarize Slack Thread and Channels - Get the Gist of It.
Other,Thiscampsitedoesnotexist,"AI generated campsites featuring stunning locations, tents, and weather all created by AI using stable diffusion."
Other,Thumbsnap,ThumbSnap: Free Photo and Video Sharing.
Other,Titan,"Regulatory compliance management system and expertise for energy, financial services and other regulated industries. We offer expert systems and services to take regulatory burden off your shoulders."
Other,Tunes For Tales,Tunes for Tales.
Other,TutorAI,Learn Anything.
Other,Tweetnimage,Tweetnimage.
Other,Twelve Labs,Twelve Labs.
Other,USP,Awesome AI generated ROYALTY FREE IMAGES for your stories and blog posts.
Other,Ultimate Skill Extractor by Further,Further: Automated Skill Suggestion.
Other,Unrealme,Unreal Me.
Other,Userpersona,User Persona - AI-Generated User Personas.
Other,Validator AI,Validatorai.Com – Instant Help and Feedback With Our Startup Validator Tools for Entrepreneurs.
Other,Vee,"Vee has already spoken with 5 million Poles, effectively implementing business processes for dozens of companies from various industries. Vee przeprowadziła rozmowy już z ponad 5 milionami Polaków, skutecznie realizując procesy biznesowe dla dziesiątek firm z różnych branż."
Other,Versational,"Versational maximizes the value said in every conversation. Get AI conversation results for free. Versational transcribes, summarizes, automates data entry, extracts takeaways, lets you share clips, and shows ways to improve your conversations."
Other,Viral Post Generator,Go mega-viral on Linkedin - Generate a successful post with the power of AI.
Other,Visuali,AI image generation made easy.
Other,Voice AI,AI Voice Changer App for Pc and Mac - Change Your Voice on the Fly.
Other,Voicemod,"Express yourself with our real-time AI Voice Changer and soundboard to be who you want, when you want in the metaverse. Build your sonic identity for platforms like Roblox, OBS, VRChat, Discord, and more."
Other,Waifu XL,Waifuxl.
Other,Waifulabs,"A state-of-the-art AI that draws custom anime portraits, just for you! This machine learning artist figures out your preferences and creates a perfect character illustration in 4 easy steps. If it sounds like magic, that's because it is!."
Other,Watermark Remover,Get rid of the watermarks from your images using our powerful AI technology.
Other,What on earth?,Whatonearth by @Naklecha.
Other,Whisper Memos,Whisper Memos.
Other,WhisperAPI,Whisper Api.
Other,Wisecut,Wisecut - Automatic Video Editor.
Other,WithPoly,Poly: Generate Design Assets With A.I. · Poly.
Other,Wordfixerbot,Paraphrasing Tool - Best Free Online Paraphraser - Wordfixerbot.
Other,Write A Thank You,"Write the perfect thank you note for any occasion! Whether you need to thank a friend, family member, or business associate, we have the perfect words for you. Try it!."
Other,Writelyai,Writely - Using AI to Improve Your Writing.
Other,Writeplus,Write+ – Professional Writing Made Accessible for All!.
Other,Writer,World-class companies use Writers AI writing platform to unlock on-brand content at scale.
Other,Yepic AI,"Create, Dub and Personalise Videos Anywhere."
Other,ai2sql,"With AI2sql, engineers and non-engineers can easily write efficient, error-free SQL queries without knowing SQL. It's time to take back your time!."
Other,bigmp4,"AI Video Enhancement, Using 2022 Cutting Edged AI Model to Lossless Enlarge Video, Enhance Video."
Other,deck.rocks,Deck.Rocks: Generate Pitch Decks Using GPT-3.
Other,micro Dalle-2,Anonymous and pay-as-you-go generative AI software.
